Copyright 1986-2022 Xilinx, Inc. All Rights Reserved. Copyright 2022-2024 Advanced Micro Devices, Inc. All Rights Reserved.
-----------------------------------------------------------------------------------------------------------------------------------------------------------------------------------------------------------
| Tool Version : Vivado v.2024.1 (win64) Build 5076996 Wed May 22 18:37:14 MDT 2024
| Date         : Wed May  6 14:43:05 2026
| Host         : ArtCompuTop running 64-bit major release  (build 9200)
| Command      : report_timing_summary -max_paths 10 -file AppCombi_top_timing_summary_routed.rpt -pb AppCombi_top_timing_summary_routed.pb -rpx AppCombi_top_timing_summary_routed.rpx -warn_on_violation
| Design       : AppCombi_top
| Device       : 7z010-clg400
| Speed File   : -1  PRODUCTION 1.12 2019-11-22
| Design State : Routed
-----------------------------------------------------------------------------------------------------------------------------------------------------------------------------------------------------------

Timing Summary Report

------------------------------------------------------------------------------------------------
| Timer Settings
| --------------
------------------------------------------------------------------------------------------------

  Enable Multi Corner Analysis               :  Yes
  Enable Pessimism Removal                   :  Yes
  Pessimism Removal Resolution               :  Nearest Common Node
  Enable Input Delay Default Clock           :  No
  Enable Preset / Clear Arcs                 :  No
  Disable Flight Delays                      :  No
  Ignore I/O Paths                           :  No
  Timing Early Launch at Borrowing Latches   :  No
  Borrow Time for Max Delay Exceptions       :  Yes
  Merge Timing Exceptions                    :  Yes
  Inter-SLR Compensation                     :  Conservative

  Corner  Analyze    Analyze    
  Name    Max Paths  Min Paths  
  ------  ---------  ---------  
  Slow    Yes        Yes        
  Fast    Yes        Yes        


------------------------------------------------------------------------------------------------
| Report Methodology
| ------------------
------------------------------------------------------------------------------------------------

Rule       Severity          Description                    Violations  
---------  ----------------  -----------------------------  ----------  
TIMING-17  Critical Warning  Non-clocked sequential cell    23          
TIMING-18  Warning           Missing input or output delay  4           

Note: This report is based on the most recent report_methodology run and may not be up-to-date. Run report_methodology on the current design for the latest report.



check_timing report

Table of Contents
-----------------
1. checking no_clock (23)
2. checking constant_clock (0)
3. checking pulse_width_clock (0)
4. checking unconstrained_internal_endpoints (45)
5. checking no_input_delay (8)
6. checking no_output_delay (9)
7. checking multiple_clock (0)
8. checking generated_clocks (0)
9. checking loops (0)
10. checking partial_input_delay (0)
11. checking partial_output_delay (0)
12. checking latch_loops (0)

1. checking no_clock (23)
-------------------------
 There are 23 register/latch pins with no clock driven by root clock pin: inst_synch/d_s5MHzInt_reg/Q (HIGH)


2. checking constant_clock (0)
------------------------------
 There are 0 register/latch pins with constant_clock.


3. checking pulse_width_clock (0)
---------------------------------
 There are 0 register/latch pins which need pulse_width check


4. checking unconstrained_internal_endpoints (45)
-------------------------------------------------
 There are 45 pins that are not constrained for maximum delay. (HIGH)

 There are 0 pins that are not constrained for maximum delay due to constant clock.


5. checking no_input_delay (8)
------------------------------
 There are 8 input ports with no input delay specified. (HIGH)

 There are 0 input ports with no input delay but user has a false path constraint.


6. checking no_output_delay (9)
-------------------------------
 There are 9 ports with no output delay specified. (HIGH)

 There are 0 ports with no output delay but user has a false path constraint

 There are 0 ports with no output delay but with a timing clock defined on it or propagating through it


7. checking multiple_clock (0)
------------------------------
 There are 0 register/latch pins with multiple clocks.


8. checking generated_clocks (0)
--------------------------------
 There are 0 generated clocks that are not connected to a clock source.


9. checking loops (0)
---------------------
 There are 0 combinational loops in the design.


10. checking partial_input_delay (0)
------------------------------------
 There are 0 input ports with partial input delay specified.


11. checking partial_output_delay (0)
-------------------------------------
 There are 0 ports with partial output delay specified.


12. checking latch_loops (0)
----------------------------
 There are 0 combinational latch loops in the design through latch input



------------------------------------------------------------------------------------------------
| Design Timing Summary
| ---------------------
------------------------------------------------------------------------------------------------

    WNS(ns)      TNS(ns)  TNS Failing Endpoints  TNS Total Endpoints      WHS(ns)      THS(ns)  THS Failing Endpoints  THS Total Endpoints     WPWS(ns)     TPWS(ns)  TPWS Failing Endpoints  TPWS Total Endpoints  
    -------      -------  ---------------------  -------------------      -------      -------  ---------------------  -------------------     --------     --------  ----------------------  --------------------  
      3.414        0.000                      0                   94        0.102        0.000                      0                   94        3.500        0.000                       0                    37  


All user specified timing constraints are met.


------------------------------------------------------------------------------------------------
| Clock Summary
| -------------
------------------------------------------------------------------------------------------------

Clock        Waveform(ns)         Period(ns)      Frequency(MHz)
-----        ------------         ----------      --------------
sys_clk_pin  {0.000 4.000}        8.000           125.000         


------------------------------------------------------------------------------------------------
| Intra Clock Table
| -----------------
------------------------------------------------------------------------------------------------

Clock             WNS(ns)      TNS(ns)  TNS Failing Endpoints  TNS Total Endpoints      WHS(ns)      THS(ns)  THS Failing Endpoints  THS Total Endpoints     WPWS(ns)     TPWS(ns)  TPWS Failing Endpoints  TPWS Total Endpoints  
-----             -------      -------  ---------------------  -------------------      -------      -------  ---------------------  -------------------     --------     --------  ----------------------  --------------------  
sys_clk_pin         3.414        0.000                      0                   94        0.102        0.000                      0                   94        3.500        0.000                       0                    37  


------------------------------------------------------------------------------------------------
| Inter Clock Table
| -----------------
------------------------------------------------------------------------------------------------

From Clock    To Clock          WNS(ns)      TNS(ns)  TNS Failing Endpoints  TNS Total Endpoints      WHS(ns)      THS(ns)  THS Failing Endpoints  THS Total Endpoints  
----------    --------          -------      -------  ---------------------  -------------------      -------      -------  ---------------------  -------------------  


------------------------------------------------------------------------------------------------
| Other Path Groups Table
| -----------------------
------------------------------------------------------------------------------------------------

Path Group    From Clock    To Clock          WNS(ns)      TNS(ns)  TNS Failing Endpoints  TNS Total Endpoints      WHS(ns)      THS(ns)  THS Failing Endpoints  THS Total Endpoints  
----------    ----------    --------          -------      -------  ---------------------  -------------------      -------      -------  ---------------------  -------------------  


------------------------------------------------------------------------------------------------
| Timing Details
| --------------
------------------------------------------------------------------------------------------------


---------------------------------------------------------------------------------------------------
From Clock:  sys_clk_pin
  To Clock:  sys_clk_pin

Setup :            0  Failing Endpoints,  Worst Slack        3.414ns,  Total Violation        0.000ns
Hold  :            0  Failing Endpoints,  Worst Slack        0.102ns,  Total Violation        0.000ns
PW    :            0  Failing Endpoints,  Worst Slack        3.500ns,  Total Violation        0.000ns
---------------------------------------------------------------------------------------------------


Max Delay Paths
--------------------------------------------------------------------------------------
Slack (MET) :             3.414ns  (required time - arrival time)
  Source:                 inst_synch/ValueCounter200kHz_reg[0]/C
                            (rising edge-triggered cell FDRE clocked by sys_clk_pin  {rise@0.000ns fall@4.000ns period=8.000ns})
  Destination:            inst_synch/ValueCounter100Hz_reg[10]/R
                            (rising edge-triggered cell FDRE clocked by sys_clk_pin  {rise@0.000ns fall@4.000ns period=8.000ns})
  Path Group:             sys_clk_pin
  Path Type:              Setup (Max at Slow Process Corner)
  Requirement:            8.000ns  (sys_clk_pin rise@8.000ns - sys_clk_pin rise@0.000ns)
  Data Path Delay:        3.870ns  (logic 0.996ns (25.740%)  route 2.874ns (74.260%))
  Logic Levels:           2  (LUT2=1 LUT6=1)
  Clock Path Skew:        -0.158ns (DCD - SCD + CPR)
    Destination Clock Delay (DCD):    4.896ns = ( 12.896 - 8.000 ) 
    Source Clock Delay      (SCD):    5.330ns
    Clock Pessimism Removal (CPR):    0.277ns
  Clock Uncertainty:      0.035ns  ((TSJ^2 + TIJ^2)^1/2 + DJ) / 2 + PE
    Total System Jitter     (TSJ):    0.071ns
    Total Input Jitter      (TIJ):    0.000ns
    Discrete Jitter          (DJ):    0.000ns
    Phase Error              (PE):    0.000ns

    Location             Delay type                Incr(ns)  Path(ns)    Netlist Resource(s)
  -------------------------------------------------------------------    -------------------
                         (clock sys_clk_pin rise edge)
                                                      0.000     0.000 r  
    K17                                               0.000     0.000 r  sysclk (IN)
                         net (fo=0)                   0.000     0.000    sysclk
    K17                  IBUF (Prop_ibuf_I_O)         1.492     1.492 r  sysclk_IBUF_inst/O
                         net (fo=1, routed)           2.076     3.568    sysclk_IBUF
    BUFGCTRL_X0Y16       BUFG (Prop_bufg_I_O)         0.101     3.669 r  sysclk_IBUF_BUFG_inst/O
                         net (fo=36, routed)          1.661     5.330    inst_synch/sysclk
    SLICE_X30Y51         FDRE                                         r  inst_synch/ValueCounter200kHz_reg[0]/C
  -------------------------------------------------------------------    -------------------
    SLICE_X30Y51         FDRE (Prop_fdre_C_Q)         0.518     5.848 r  inst_synch/ValueCounter200kHz_reg[0]/Q
                         net (fo=8, routed)           1.245     7.093    inst_synch/ValueCounter200kHz_reg[0]
    SLICE_X30Y51         LUT2 (Prop_lut2_I0_O)        0.150     7.243 r  inst_synch/ValueCounter100Hz[0]_i_7/O
                         net (fo=1, routed)           0.952     8.194    inst_synch/ValueCounter100Hz[0]_i_7_n_0
    SLICE_X31Y48         LUT6 (Prop_lut6_I4_O)        0.328     8.522 r  inst_synch/ValueCounter100Hz[0]_i_1/O
                         net (fo=24, routed)          0.677     9.199    inst_synch/ValueCounter100Hz
    SLICE_X30Y49         FDRE                                         r  inst_synch/ValueCounter100Hz_reg[10]/R
  -------------------------------------------------------------------    -------------------

                         (clock sys_clk_pin rise edge)
                                                      8.000     8.000 r  
    K17                                               0.000     8.000 r  sysclk (IN)
                         net (fo=0)                   0.000     8.000    sysclk
    K17                  IBUF (Prop_ibuf_I_O)         1.421     9.421 r  sysclk_IBUF_inst/O
                         net (fo=1, routed)           1.880    11.301    sysclk_IBUF
    BUFGCTRL_X0Y16       BUFG (Prop_bufg_I_O)         0.091    11.392 r  sysclk_IBUF_BUFG_inst/O
                         net (fo=36, routed)          1.503    12.895    inst_synch/sysclk
    SLICE_X30Y49         FDRE                                         r  inst_synch/ValueCounter100Hz_reg[10]/C
                         clock pessimism              0.277    13.172    
                         clock uncertainty           -0.035    13.137    
    SLICE_X30Y49         FDRE (Setup_fdre_C_R)       -0.524    12.613    inst_synch/ValueCounter100Hz_reg[10]
  -------------------------------------------------------------------
                         required time                         12.613    
                         arrival time                          -9.199    
  -------------------------------------------------------------------
                         slack                                  3.414    

Slack (MET) :             3.414ns  (required time - arrival time)
  Source:                 inst_synch/ValueCounter200kHz_reg[0]/C
                            (rising edge-triggered cell FDRE clocked by sys_clk_pin  {rise@0.000ns fall@4.000ns period=8.000ns})
  Destination:            inst_synch/ValueCounter100Hz_reg[11]/R
                            (rising edge-triggered cell FDRE clocked by sys_clk_pin  {rise@0.000ns fall@4.000ns period=8.000ns})
  Path Group:             sys_clk_pin
  Path Type:              Setup (Max at Slow Process Corner)
  Requirement:            8.000ns  (sys_clk_pin rise@8.000ns - sys_clk_pin rise@0.000ns)
  Data Path Delay:        3.870ns  (logic 0.996ns (25.740%)  route 2.874ns (74.260%))
  Logic Levels:           2  (LUT2=1 LUT6=1)
  Clock Path Skew:        -0.158ns (DCD - SCD + CPR)
    Destination Clock Delay (DCD):    4.896ns = ( 12.896 - 8.000 ) 
    Source Clock Delay      (SCD):    5.330ns
    Clock Pessimism Removal (CPR):    0.277ns
  Clock Uncertainty:      0.035ns  ((TSJ^2 + TIJ^2)^1/2 + DJ) / 2 + PE
    Total System Jitter     (TSJ):    0.071ns
    Total Input Jitter      (TIJ):    0.000ns
    Discrete Jitter          (DJ):    0.000ns
    Phase Error              (PE):    0.000ns

    Location             Delay type                Incr(ns)  Path(ns)    Netlist Resource(s)
  -------------------------------------------------------------------    -------------------
                         (clock sys_clk_pin rise edge)
                                                      0.000     0.000 r  
    K17                                               0.000     0.000 r  sysclk (IN)
                         net (fo=0)                   0.000     0.000    sysclk
    K17                  IBUF (Prop_ibuf_I_O)         1.492     1.492 r  sysclk_IBUF_inst/O
                         net (fo=1, routed)           2.076     3.568    sysclk_IBUF
    BUFGCTRL_X0Y16       BUFG (Prop_bufg_I_O)         0.101     3.669 r  sysclk_IBUF_BUFG_inst/O
                         net (fo=36, routed)          1.661     5.330    inst_synch/sysclk
    SLICE_X30Y51         FDRE                                         r  inst_synch/ValueCounter200kHz_reg[0]/C
  -------------------------------------------------------------------    -------------------
    SLICE_X30Y51         FDRE (Prop_fdre_C_Q)         0.518     5.848 r  inst_synch/ValueCounter200kHz_reg[0]/Q
                         net (fo=8, routed)           1.245     7.093    inst_synch/ValueCounter200kHz_reg[0]
    SLICE_X30Y51         LUT2 (Prop_lut2_I0_O)        0.150     7.243 r  inst_synch/ValueCounter100Hz[0]_i_7/O
                         net (fo=1, routed)           0.952     8.194    inst_synch/ValueCounter100Hz[0]_i_7_n_0
    SLICE_X31Y48         LUT6 (Prop_lut6_I4_O)        0.328     8.522 r  inst_synch/ValueCounter100Hz[0]_i_1/O
                         net (fo=24, routed)          0.677     9.199    inst_synch/ValueCounter100Hz
    SLICE_X30Y49         FDRE                                         r  inst_synch/ValueCounter100Hz_reg[11]/R
  -------------------------------------------------------------------    -------------------

                         (clock sys_clk_pin rise edge)
                                                      8.000     8.000 r  
    K17                                               0.000     8.000 r  sysclk (IN)
                         net (fo=0)                   0.000     8.000    sysclk
    K17                  IBUF (Prop_ibuf_I_O)         1.421     9.421 r  sysclk_IBUF_inst/O
                         net (fo=1, routed)           1.880    11.301    sysclk_IBUF
    BUFGCTRL_X0Y16       BUFG (Prop_bufg_I_O)         0.091    11.392 r  sysclk_IBUF_BUFG_inst/O
                         net (fo=36, routed)          1.503    12.895    inst_synch/sysclk
    SLICE_X30Y49         FDRE                                         r  inst_synch/ValueCounter100Hz_reg[11]/C
                         clock pessimism              0.277    13.172    
                         clock uncertainty           -0.035    13.137    
    SLICE_X30Y49         FDRE (Setup_fdre_C_R)       -0.524    12.613    inst_synch/ValueCounter100Hz_reg[11]
  -------------------------------------------------------------------
                         required time                         12.613    
                         arrival time                          -9.199    
  -------------------------------------------------------------------
                         slack                                  3.414    

Slack (MET) :             3.414ns  (required time - arrival time)
  Source:                 inst_synch/ValueCounter200kHz_reg[0]/C
                            (rising edge-triggered cell FDRE clocked by sys_clk_pin  {rise@0.000ns fall@4.000ns period=8.000ns})
  Destination:            inst_synch/ValueCounter100Hz_reg[8]/R
                            (rising edge-triggered cell FDRE clocked by sys_clk_pin  {rise@0.000ns fall@4.000ns period=8.000ns})
  Path Group:             sys_clk_pin
  Path Type:              Setup (Max at Slow Process Corner)
  Requirement:            8.000ns  (sys_clk_pin rise@8.000ns - sys_clk_pin rise@0.000ns)
  Data Path Delay:        3.870ns  (logic 0.996ns (25.740%)  route 2.874ns (74.260%))
  Logic Levels:           2  (LUT2=1 LUT6=1)
  Clock Path Skew:        -0.158ns (DCD - SCD + CPR)
    Destination Clock Delay (DCD):    4.896ns = ( 12.896 - 8.000 ) 
    Source Clock Delay      (SCD):    5.330ns
    Clock Pessimism Removal (CPR):    0.277ns
  Clock Uncertainty:      0.035ns  ((TSJ^2 + TIJ^2)^1/2 + DJ) / 2 + PE
    Total System Jitter     (TSJ):    0.071ns
    Total Input Jitter      (TIJ):    0.000ns
    Discrete Jitter          (DJ):    0.000ns
    Phase Error              (PE):    0.000ns

    Location             Delay type                Incr(ns)  Path(ns)    Netlist Resource(s)
  -------------------------------------------------------------------    -------------------
                         (clock sys_clk_pin rise edge)
                                                      0.000     0.000 r  
    K17                                               0.000     0.000 r  sysclk (IN)
                         net (fo=0)                   0.000     0.000    sysclk
    K17                  IBUF (Prop_ibuf_I_O)         1.492     1.492 r  sysclk_IBUF_inst/O
                         net (fo=1, routed)           2.076     3.568    sysclk_IBUF
    BUFGCTRL_X0Y16       BUFG (Prop_bufg_I_O)         0.101     3.669 r  sysclk_IBUF_BUFG_inst/O
                         net (fo=36, routed)          1.661     5.330    inst_synch/sysclk
    SLICE_X30Y51         FDRE                                         r  inst_synch/ValueCounter200kHz_reg[0]/C
  -------------------------------------------------------------------    -------------------
    SLICE_X30Y51         FDRE (Prop_fdre_C_Q)         0.518     5.848 r  inst_synch/ValueCounter200kHz_reg[0]/Q
                         net (fo=8, routed)           1.245     7.093    inst_synch/ValueCounter200kHz_reg[0]
    SLICE_X30Y51         LUT2 (Prop_lut2_I0_O)        0.150     7.243 r  inst_synch/ValueCounter100Hz[0]_i_7/O
                         net (fo=1, routed)           0.952     8.194    inst_synch/ValueCounter100Hz[0]_i_7_n_0
    SLICE_X31Y48         LUT6 (Prop_lut6_I4_O)        0.328     8.522 r  inst_synch/ValueCounter100Hz[0]_i_1/O
                         net (fo=24, routed)          0.677     9.199    inst_synch/ValueCounter100Hz
    SLICE_X30Y49         FDRE                                         r  inst_synch/ValueCounter100Hz_reg[8]/R
  -------------------------------------------------------------------    -------------------

                         (clock sys_clk_pin rise edge)
                                                      8.000     8.000 r  
    K17                                               0.000     8.000 r  sysclk (IN)
                         net (fo=0)                   0.000     8.000    sysclk
    K17                  IBUF (Prop_ibuf_I_O)         1.421     9.421 r  sysclk_IBUF_inst/O
                         net (fo=1, routed)           1.880    11.301    sysclk_IBUF
    BUFGCTRL_X0Y16       BUFG (Prop_bufg_I_O)         0.091    11.392 r  sysclk_IBUF_BUFG_inst/O
                         net (fo=36, routed)          1.503    12.895    inst_synch/sysclk
    SLICE_X30Y49         FDRE                                         r  inst_synch/ValueCounter100Hz_reg[8]/C
                         clock pessimism              0.277    13.172    
                         clock uncertainty           -0.035    13.137    
    SLICE_X30Y49         FDRE (Setup_fdre_C_R)       -0.524    12.613    inst_synch/ValueCounter100Hz_reg[8]
  -------------------------------------------------------------------
                         required time                         12.613    
                         arrival time                          -9.199    
  -------------------------------------------------------------------
                         slack                                  3.414    

Slack (MET) :             3.414ns  (required time - arrival time)
  Source:                 inst_synch/ValueCounter200kHz_reg[0]/C
                            (rising edge-triggered cell FDRE clocked by sys_clk_pin  {rise@0.000ns fall@4.000ns period=8.000ns})
  Destination:            inst_synch/ValueCounter100Hz_reg[9]/R
                            (rising edge-triggered cell FDRE clocked by sys_clk_pin  {rise@0.000ns fall@4.000ns period=8.000ns})
  Path Group:             sys_clk_pin
  Path Type:              Setup (Max at Slow Process Corner)
  Requirement:            8.000ns  (sys_clk_pin rise@8.000ns - sys_clk_pin rise@0.000ns)
  Data Path Delay:        3.870ns  (logic 0.996ns (25.740%)  route 2.874ns (74.260%))
  Logic Levels:           2  (LUT2=1 LUT6=1)
  Clock Path Skew:        -0.158ns (DCD - SCD + CPR)
    Destination Clock Delay (DCD):    4.896ns = ( 12.896 - 8.000 ) 
    Source Clock Delay      (SCD):    5.330ns
    Clock Pessimism Removal (CPR):    0.277ns
  Clock Uncertainty:      0.035ns  ((TSJ^2 + TIJ^2)^1/2 + DJ) / 2 + PE
    Total System Jitter     (TSJ):    0.071ns
    Total Input Jitter      (TIJ):    0.000ns
    Discrete Jitter          (DJ):    0.000ns
    Phase Error              (PE):    0.000ns

    Location             Delay type                Incr(ns)  Path(ns)    Netlist Resource(s)
  -------------------------------------------------------------------    -------------------
                         (clock sys_clk_pin rise edge)
                                                      0.000     0.000 r  
    K17                                               0.000     0.000 r  sysclk (IN)
                         net (fo=0)                   0.000     0.000    sysclk
    K17                  IBUF (Prop_ibuf_I_O)         1.492     1.492 r  sysclk_IBUF_inst/O
                         net (fo=1, routed)           2.076     3.568    sysclk_IBUF
    BUFGCTRL_X0Y16       BUFG (Prop_bufg_I_O)         0.101     3.669 r  sysclk_IBUF_BUFG_inst/O
                         net (fo=36, routed)          1.661     5.330    inst_synch/sysclk
    SLICE_X30Y51         FDRE                                         r  inst_synch/ValueCounter200kHz_reg[0]/C
  -------------------------------------------------------------------    -------------------
    SLICE_X30Y51         FDRE (Prop_fdre_C_Q)         0.518     5.848 r  inst_synch/ValueCounter200kHz_reg[0]/Q
                         net (fo=8, routed)           1.245     7.093    inst_synch/ValueCounter200kHz_reg[0]
    SLICE_X30Y51         LUT2 (Prop_lut2_I0_O)        0.150     7.243 r  inst_synch/ValueCounter100Hz[0]_i_7/O
                         net (fo=1, routed)           0.952     8.194    inst_synch/ValueCounter100Hz[0]_i_7_n_0
    SLICE_X31Y48         LUT6 (Prop_lut6_I4_O)        0.328     8.522 r  inst_synch/ValueCounter100Hz[0]_i_1/O
                         net (fo=24, routed)          0.677     9.199    inst_synch/ValueCounter100Hz
    SLICE_X30Y49         FDRE                                         r  inst_synch/ValueCounter100Hz_reg[9]/R
  -------------------------------------------------------------------    -------------------

                         (clock sys_clk_pin rise edge)
                                                      8.000     8.000 r  
    K17                                               0.000     8.000 r  sysclk (IN)
                         net (fo=0)                   0.000     8.000    sysclk
    K17                  IBUF (Prop_ibuf_I_O)         1.421     9.421 r  sysclk_IBUF_inst/O
                         net (fo=1, routed)           1.880    11.301    sysclk_IBUF
    BUFGCTRL_X0Y16       BUFG (Prop_bufg_I_O)         0.091    11.392 r  sysclk_IBUF_BUFG_inst/O
                         net (fo=36, routed)          1.503    12.895    inst_synch/sysclk
    SLICE_X30Y49         FDRE                                         r  inst_synch/ValueCounter100Hz_reg[9]/C
                         clock pessimism              0.277    13.172    
                         clock uncertainty           -0.035    13.137    
    SLICE_X30Y49         FDRE (Setup_fdre_C_R)       -0.524    12.613    inst_synch/ValueCounter100Hz_reg[9]
  -------------------------------------------------------------------
                         required time                         12.613    
                         arrival time                          -9.199    
  -------------------------------------------------------------------
                         slack                                  3.414    

Slack (MET) :             3.491ns  (required time - arrival time)
  Source:                 inst_synch/ValueCounter200kHz_reg[0]/C
                            (rising edge-triggered cell FDRE clocked by sys_clk_pin  {rise@0.000ns fall@4.000ns period=8.000ns})
  Destination:            inst_synch/ValueCounter100Hz_reg[12]/R
                            (rising edge-triggered cell FDRE clocked by sys_clk_pin  {rise@0.000ns fall@4.000ns period=8.000ns})
  Path Group:             sys_clk_pin
  Path Type:              Setup (Max at Slow Process Corner)
  Requirement:            8.000ns  (sys_clk_pin rise@8.000ns - sys_clk_pin rise@0.000ns)
  Data Path Delay:        3.925ns  (logic 0.996ns (25.376%)  route 2.929ns (74.624%))
  Logic Levels:           2  (LUT2=1 LUT6=1)
  Clock Path Skew:        -0.025ns (DCD - SCD + CPR)
    Destination Clock Delay (DCD):    4.879ns = ( 12.879 - 8.000 ) 
    Source Clock Delay      (SCD):    5.330ns
    Clock Pessimism Removal (CPR):    0.426ns
  Clock Uncertainty:      0.035ns  ((TSJ^2 + TIJ^2)^1/2 + DJ) / 2 + PE
    Total System Jitter     (TSJ):    0.071ns
    Total Input Jitter      (TIJ):    0.000ns
    Discrete Jitter          (DJ):    0.000ns
    Phase Error              (PE):    0.000ns

    Location             Delay type                Incr(ns)  Path(ns)    Netlist Resource(s)
  -------------------------------------------------------------------    -------------------
                         (clock sys_clk_pin rise edge)
                                                      0.000     0.000 r  
    K17                                               0.000     0.000 r  sysclk (IN)
                         net (fo=0)                   0.000     0.000    sysclk
    K17                  IBUF (Prop_ibuf_I_O)         1.492     1.492 r  sysclk_IBUF_inst/O
                         net (fo=1, routed)           2.076     3.568    sysclk_IBUF
    BUFGCTRL_X0Y16       BUFG (Prop_bufg_I_O)         0.101     3.669 r  sysclk_IBUF_BUFG_inst/O
                         net (fo=36, routed)          1.661     5.330    inst_synch/sysclk
    SLICE_X30Y51         FDRE                                         r  inst_synch/ValueCounter200kHz_reg[0]/C
  -------------------------------------------------------------------    -------------------
    SLICE_X30Y51         FDRE (Prop_fdre_C_Q)         0.518     5.848 r  inst_synch/ValueCounter200kHz_reg[0]/Q
                         net (fo=8, routed)           1.245     7.093    inst_synch/ValueCounter200kHz_reg[0]
    SLICE_X30Y51         LUT2 (Prop_lut2_I0_O)        0.150     7.243 r  inst_synch/ValueCounter100Hz[0]_i_7/O
                         net (fo=1, routed)           0.952     8.194    inst_synch/ValueCounter100Hz[0]_i_7_n_0
    SLICE_X31Y48         LUT6 (Prop_lut6_I4_O)        0.328     8.522 r  inst_synch/ValueCounter100Hz[0]_i_1/O
                         net (fo=24, routed)          0.732     9.255    inst_synch/ValueCounter100Hz
    SLICE_X30Y50         FDRE                                         r  inst_synch/ValueCounter100Hz_reg[12]/R
  -------------------------------------------------------------------    -------------------

                         (clock sys_clk_pin rise edge)
                                                      8.000     8.000 r  
    K17                                               0.000     8.000 r  sysclk (IN)
                         net (fo=0)                   0.000     8.000    sysclk
    K17                  IBUF (Prop_ibuf_I_O)         1.421     9.421 r  sysclk_IBUF_inst/O
                         net (fo=1, routed)           1.880    11.301    sysclk_IBUF
    BUFGCTRL_X0Y16       BUFG (Prop_bufg_I_O)         0.091    11.392 r  sysclk_IBUF_BUFG_inst/O
                         net (fo=36, routed)          1.487    12.879    inst_synch/sysclk
    SLICE_X30Y50         FDRE                                         r  inst_synch/ValueCounter100Hz_reg[12]/C
                         clock pessimism              0.426    13.305    
                         clock uncertainty           -0.035    13.269    
    SLICE_X30Y50         FDRE (Setup_fdre_C_R)       -0.524    12.745    inst_synch/ValueCounter100Hz_reg[12]
  -------------------------------------------------------------------
                         required time                         12.745    
                         arrival time                          -9.255    
  -------------------------------------------------------------------
                         slack                                  3.491    

Slack (MET) :             3.491ns  (required time - arrival time)
  Source:                 inst_synch/ValueCounter200kHz_reg[0]/C
                            (rising edge-triggered cell FDRE clocked by sys_clk_pin  {rise@0.000ns fall@4.000ns period=8.000ns})
  Destination:            inst_synch/ValueCounter100Hz_reg[13]/R
                            (rising edge-triggered cell FDRE clocked by sys_clk_pin  {rise@0.000ns fall@4.000ns period=8.000ns})
  Path Group:             sys_clk_pin
  Path Type:              Setup (Max at Slow Process Corner)
  Requirement:            8.000ns  (sys_clk_pin rise@8.000ns - sys_clk_pin rise@0.000ns)
  Data Path Delay:        3.925ns  (logic 0.996ns (25.376%)  route 2.929ns (74.624%))
  Logic Levels:           2  (LUT2=1 LUT6=1)
  Clock Path Skew:        -0.025ns (DCD - SCD + CPR)
    Destination Clock Delay (DCD):    4.879ns = ( 12.879 - 8.000 ) 
    Source Clock Delay      (SCD):    5.330ns
    Clock Pessimism Removal (CPR):    0.426ns
  Clock Uncertainty:      0.035ns  ((TSJ^2 + TIJ^2)^1/2 + DJ) / 2 + PE
    Total System Jitter     (TSJ):    0.071ns
    Total Input Jitter      (TIJ):    0.000ns
    Discrete Jitter          (DJ):    0.000ns
    Phase Error              (PE):    0.000ns

    Location             Delay type                Incr(ns)  Path(ns)    Netlist Resource(s)
  -------------------------------------------------------------------    -------------------
                         (clock sys_clk_pin rise edge)
                                                      0.000     0.000 r  
    K17                                               0.000     0.000 r  sysclk (IN)
                         net (fo=0)                   0.000     0.000    sysclk
    K17                  IBUF (Prop_ibuf_I_O)         1.492     1.492 r  sysclk_IBUF_inst/O
                         net (fo=1, routed)           2.076     3.568    sysclk_IBUF
    BUFGCTRL_X0Y16       BUFG (Prop_bufg_I_O)         0.101     3.669 r  sysclk_IBUF_BUFG_inst/O
                         net (fo=36, routed)          1.661     5.330    inst_synch/sysclk
    SLICE_X30Y51         FDRE                                         r  inst_synch/ValueCounter200kHz_reg[0]/C
  -------------------------------------------------------------------    -------------------
    SLICE_X30Y51         FDRE (Prop_fdre_C_Q)         0.518     5.848 r  inst_synch/ValueCounter200kHz_reg[0]/Q
                         net (fo=8, routed)           1.245     7.093    inst_synch/ValueCounter200kHz_reg[0]
    SLICE_X30Y51         LUT2 (Prop_lut2_I0_O)        0.150     7.243 r  inst_synch/ValueCounter100Hz[0]_i_7/O
                         net (fo=1, routed)           0.952     8.194    inst_synch/ValueCounter100Hz[0]_i_7_n_0
    SLICE_X31Y48         LUT6 (Prop_lut6_I4_O)        0.328     8.522 r  inst_synch/ValueCounter100Hz[0]_i_1/O
                         net (fo=24, routed)          0.732     9.255    inst_synch/ValueCounter100Hz
    SLICE_X30Y50         FDRE                                         r  inst_synch/ValueCounter100Hz_reg[13]/R
  -------------------------------------------------------------------    -------------------

                         (clock sys_clk_pin rise edge)
                                                      8.000     8.000 r  
    K17                                               0.000     8.000 r  sysclk (IN)
                         net (fo=0)                   0.000     8.000    sysclk
    K17                  IBUF (Prop_ibuf_I_O)         1.421     9.421 r  sysclk_IBUF_inst/O
                         net (fo=1, routed)           1.880    11.301    sysclk_IBUF
    BUFGCTRL_X0Y16       BUFG (Prop_bufg_I_O)         0.091    11.392 r  sysclk_IBUF_BUFG_inst/O
                         net (fo=36, routed)          1.487    12.879    inst_synch/sysclk
    SLICE_X30Y50         FDRE                                         r  inst_synch/ValueCounter100Hz_reg[13]/C
                         clock pessimism              0.426    13.305    
                         clock uncertainty           -0.035    13.269    
    SLICE_X30Y50         FDRE (Setup_fdre_C_R)       -0.524    12.745    inst_synch/ValueCounter100Hz_reg[13]
  -------------------------------------------------------------------
                         required time                         12.745    
                         arrival time                          -9.255    
  -------------------------------------------------------------------
                         slack                                  3.491    

Slack (MET) :             3.491ns  (required time - arrival time)
  Source:                 inst_synch/ValueCounter200kHz_reg[0]/C
                            (rising edge-triggered cell FDRE clocked by sys_clk_pin  {rise@0.000ns fall@4.000ns period=8.000ns})
  Destination:            inst_synch/ValueCounter100Hz_reg[14]/R
                            (rising edge-triggered cell FDRE clocked by sys_clk_pin  {rise@0.000ns fall@4.000ns period=8.000ns})
  Path Group:             sys_clk_pin
  Path Type:              Setup (Max at Slow Process Corner)
  Requirement:            8.000ns  (sys_clk_pin rise@8.000ns - sys_clk_pin rise@0.000ns)
  Data Path Delay:        3.925ns  (logic 0.996ns (25.376%)  route 2.929ns (74.624%))
  Logic Levels:           2  (LUT2=1 LUT6=1)
  Clock Path Skew:        -0.025ns (DCD - SCD + CPR)
    Destination Clock Delay (DCD):    4.879ns = ( 12.879 - 8.000 ) 
    Source Clock Delay      (SCD):    5.330ns
    Clock Pessimism Removal (CPR):    0.426ns
  Clock Uncertainty:      0.035ns  ((TSJ^2 + TIJ^2)^1/2 + DJ) / 2 + PE
    Total System Jitter     (TSJ):    0.071ns
    Total Input Jitter      (TIJ):    0.000ns
    Discrete Jitter          (DJ):    0.000ns
    Phase Error              (PE):    0.000ns

    Location             Delay type                Incr(ns)  Path(ns)    Netlist Resource(s)
  -------------------------------------------------------------------    -------------------
                         (clock sys_clk_pin rise edge)
                                                      0.000     0.000 r  
    K17                                               0.000     0.000 r  sysclk (IN)
                         net (fo=0)                   0.000     0.000    sysclk
    K17                  IBUF (Prop_ibuf_I_O)         1.492     1.492 r  sysclk_IBUF_inst/O
                         net (fo=1, routed)           2.076     3.568    sysclk_IBUF
    BUFGCTRL_X0Y16       BUFG (Prop_bufg_I_O)         0.101     3.669 r  sysclk_IBUF_BUFG_inst/O
                         net (fo=36, routed)          1.661     5.330    inst_synch/sysclk
    SLICE_X30Y51         FDRE                                         r  inst_synch/ValueCounter200kHz_reg[0]/C
  -------------------------------------------------------------------    -------------------
    SLICE_X30Y51         FDRE (Prop_fdre_C_Q)         0.518     5.848 r  inst_synch/ValueCounter200kHz_reg[0]/Q
                         net (fo=8, routed)           1.245     7.093    inst_synch/ValueCounter200kHz_reg[0]
    SLICE_X30Y51         LUT2 (Prop_lut2_I0_O)        0.150     7.243 r  inst_synch/ValueCounter100Hz[0]_i_7/O
                         net (fo=1, routed)           0.952     8.194    inst_synch/ValueCounter100Hz[0]_i_7_n_0
    SLICE_X31Y48         LUT6 (Prop_lut6_I4_O)        0.328     8.522 r  inst_synch/ValueCounter100Hz[0]_i_1/O
                         net (fo=24, routed)          0.732     9.255    inst_synch/ValueCounter100Hz
    SLICE_X30Y50         FDRE                                         r  inst_synch/ValueCounter100Hz_reg[14]/R
  -------------------------------------------------------------------    -------------------

                         (clock sys_clk_pin rise edge)
                                                      8.000     8.000 r  
    K17                                               0.000     8.000 r  sysclk (IN)
                         net (fo=0)                   0.000     8.000    sysclk
    K17                  IBUF (Prop_ibuf_I_O)         1.421     9.421 r  sysclk_IBUF_inst/O
                         net (fo=1, routed)           1.880    11.301    sysclk_IBUF
    BUFGCTRL_X0Y16       BUFG (Prop_bufg_I_O)         0.091    11.392 r  sysclk_IBUF_BUFG_inst/O
                         net (fo=36, routed)          1.487    12.879    inst_synch/sysclk
    SLICE_X30Y50         FDRE                                         r  inst_synch/ValueCounter100Hz_reg[14]/C
                         clock pessimism              0.426    13.305    
                         clock uncertainty           -0.035    13.269    
    SLICE_X30Y50         FDRE (Setup_fdre_C_R)       -0.524    12.745    inst_synch/ValueCounter100Hz_reg[14]
  -------------------------------------------------------------------
                         required time                         12.745    
                         arrival time                          -9.255    
  -------------------------------------------------------------------
                         slack                                  3.491    

Slack (MET) :             3.491ns  (required time - arrival time)
  Source:                 inst_synch/ValueCounter200kHz_reg[0]/C
                            (rising edge-triggered cell FDRE clocked by sys_clk_pin  {rise@0.000ns fall@4.000ns period=8.000ns})
  Destination:            inst_synch/ValueCounter100Hz_reg[15]/R
                            (rising edge-triggered cell FDRE clocked by sys_clk_pin  {rise@0.000ns fall@4.000ns period=8.000ns})
  Path Group:             sys_clk_pin
  Path Type:              Setup (Max at Slow Process Corner)
  Requirement:            8.000ns  (sys_clk_pin rise@8.000ns - sys_clk_pin rise@0.000ns)
  Data Path Delay:        3.925ns  (logic 0.996ns (25.376%)  route 2.929ns (74.624%))
  Logic Levels:           2  (LUT2=1 LUT6=1)
  Clock Path Skew:        -0.025ns (DCD - SCD + CPR)
    Destination Clock Delay (DCD):    4.879ns = ( 12.879 - 8.000 ) 
    Source Clock Delay      (SCD):    5.330ns
    Clock Pessimism Removal (CPR):    0.426ns
  Clock Uncertainty:      0.035ns  ((TSJ^2 + TIJ^2)^1/2 + DJ) / 2 + PE
    Total System Jitter     (TSJ):    0.071ns
    Total Input Jitter      (TIJ):    0.000ns
    Discrete Jitter          (DJ):    0.000ns
    Phase Error              (PE):    0.000ns

    Location             Delay type                Incr(ns)  Path(ns)    Netlist Resource(s)
  -------------------------------------------------------------------    -------------------
                         (clock sys_clk_pin rise edge)
                                                      0.000     0.000 r  
    K17                                               0.000     0.000 r  sysclk (IN)
                         net (fo=0)                   0.000     0.000    sysclk
    K17                  IBUF (Prop_ibuf_I_O)         1.492     1.492 r  sysclk_IBUF_inst/O
                         net (fo=1, routed)           2.076     3.568    sysclk_IBUF
    BUFGCTRL_X0Y16       BUFG (Prop_bufg_I_O)         0.101     3.669 r  sysclk_IBUF_BUFG_inst/O
                         net (fo=36, routed)          1.661     5.330    inst_synch/sysclk
    SLICE_X30Y51         FDRE                                         r  inst_synch/ValueCounter200kHz_reg[0]/C
  -------------------------------------------------------------------    -------------------
    SLICE_X30Y51         FDRE (Prop_fdre_C_Q)         0.518     5.848 r  inst_synch/ValueCounter200kHz_reg[0]/Q
                         net (fo=8, routed)           1.245     7.093    inst_synch/ValueCounter200kHz_reg[0]
    SLICE_X30Y51         LUT2 (Prop_lut2_I0_O)        0.150     7.243 r  inst_synch/ValueCounter100Hz[0]_i_7/O
                         net (fo=1, routed)           0.952     8.194    inst_synch/ValueCounter100Hz[0]_i_7_n_0
    SLICE_X31Y48         LUT6 (Prop_lut6_I4_O)        0.328     8.522 r  inst_synch/ValueCounter100Hz[0]_i_1/O
                         net (fo=24, routed)          0.732     9.255    inst_synch/ValueCounter100Hz
    SLICE_X30Y50         FDRE                                         r  inst_synch/ValueCounter100Hz_reg[15]/R
  -------------------------------------------------------------------    -------------------

                         (clock sys_clk_pin rise edge)
                                                      8.000     8.000 r  
    K17                                               0.000     8.000 r  sysclk (IN)
                         net (fo=0)                   0.000     8.000    sysclk
    K17                  IBUF (Prop_ibuf_I_O)         1.421     9.421 r  sysclk_IBUF_inst/O
                         net (fo=1, routed)           1.880    11.301    sysclk_IBUF
    BUFGCTRL_X0Y16       BUFG (Prop_bufg_I_O)         0.091    11.392 r  sysclk_IBUF_BUFG_inst/O
                         net (fo=36, routed)          1.487    12.879    inst_synch/sysclk
    SLICE_X30Y50         FDRE                                         r  inst_synch/ValueCounter100Hz_reg[15]/C
                         clock pessimism              0.426    13.305    
                         clock uncertainty           -0.035    13.269    
    SLICE_X30Y50         FDRE (Setup_fdre_C_R)       -0.524    12.745    inst_synch/ValueCounter100Hz_reg[15]
  -------------------------------------------------------------------
                         required time                         12.745    
                         arrival time                          -9.255    
  -------------------------------------------------------------------
                         slack                                  3.491    

Slack (MET) :             3.492ns  (required time - arrival time)
  Source:                 inst_synch/ValueCounter200kHz_reg[0]/C
                            (rising edge-triggered cell FDRE clocked by sys_clk_pin  {rise@0.000ns fall@4.000ns period=8.000ns})
  Destination:            inst_synch/ValueCounter100Hz_reg[0]/R
                            (rising edge-triggered cell FDRE clocked by sys_clk_pin  {rise@0.000ns fall@4.000ns period=8.000ns})
  Path Group:             sys_clk_pin
  Path Type:              Setup (Max at Slow Process Corner)
  Requirement:            8.000ns  (sys_clk_pin rise@8.000ns - sys_clk_pin rise@0.000ns)
  Data Path Delay:        3.791ns  (logic 0.996ns (26.272%)  route 2.795ns (73.728%))
  Logic Levels:           2  (LUT2=1 LUT6=1)
  Clock Path Skew:        -0.158ns (DCD - SCD + CPR)
    Destination Clock Delay (DCD):    4.896ns = ( 12.896 - 8.000 ) 
    Source Clock Delay      (SCD):    5.330ns
    Clock Pessimism Removal (CPR):    0.277ns
  Clock Uncertainty:      0.035ns  ((TSJ^2 + TIJ^2)^1/2 + DJ) / 2 + PE
    Total System Jitter     (TSJ):    0.071ns
    Total Input Jitter      (TIJ):    0.000ns
    Discrete Jitter          (DJ):    0.000ns
    Phase Error              (PE):    0.000ns

    Location             Delay type                Incr(ns)  Path(ns)    Netlist Resource(s)
  -------------------------------------------------------------------    -------------------
                         (clock sys_clk_pin rise edge)
                                                      0.000     0.000 r  
    K17                                               0.000     0.000 r  sysclk (IN)
                         net (fo=0)                   0.000     0.000    sysclk
    K17                  IBUF (Prop_ibuf_I_O)         1.492     1.492 r  sysclk_IBUF_inst/O
                         net (fo=1, routed)           2.076     3.568    sysclk_IBUF
    BUFGCTRL_X0Y16       BUFG (Prop_bufg_I_O)         0.101     3.669 r  sysclk_IBUF_BUFG_inst/O
                         net (fo=36, routed)          1.661     5.330    inst_synch/sysclk
    SLICE_X30Y51         FDRE                                         r  inst_synch/ValueCounter200kHz_reg[0]/C
  -------------------------------------------------------------------    -------------------
    SLICE_X30Y51         FDRE (Prop_fdre_C_Q)         0.518     5.848 r  inst_synch/ValueCounter200kHz_reg[0]/Q
                         net (fo=8, routed)           1.245     7.093    inst_synch/ValueCounter200kHz_reg[0]
    SLICE_X30Y51         LUT2 (Prop_lut2_I0_O)        0.150     7.243 r  inst_synch/ValueCounter100Hz[0]_i_7/O
                         net (fo=1, routed)           0.952     8.194    inst_synch/ValueCounter100Hz[0]_i_7_n_0
    SLICE_X31Y48         LUT6 (Prop_lut6_I4_O)        0.328     8.522 r  inst_synch/ValueCounter100Hz[0]_i_1/O
                         net (fo=24, routed)          0.598     9.121    inst_synch/ValueCounter100Hz
    SLICE_X30Y47         FDRE                                         r  inst_synch/ValueCounter100Hz_reg[0]/R
  -------------------------------------------------------------------    -------------------

                         (clock sys_clk_pin rise edge)
                                                      8.000     8.000 r  
    K17                                               0.000     8.000 r  sysclk (IN)
                         net (fo=0)                   0.000     8.000    sysclk
    K17                  IBUF (Prop_ibuf_I_O)         1.421     9.421 r  sysclk_IBUF_inst/O
                         net (fo=1, routed)           1.880    11.301    sysclk_IBUF
    BUFGCTRL_X0Y16       BUFG (Prop_bufg_I_O)         0.091    11.392 r  sysclk_IBUF_BUFG_inst/O
                         net (fo=36, routed)          1.503    12.895    inst_synch/sysclk
    SLICE_X30Y47         FDRE                                         r  inst_synch/ValueCounter100Hz_reg[0]/C
                         clock pessimism              0.277    13.172    
                         clock uncertainty           -0.035    13.137    
    SLICE_X30Y47         FDRE (Setup_fdre_C_R)       -0.524    12.613    inst_synch/ValueCounter100Hz_reg[0]
  -------------------------------------------------------------------
                         required time                         12.613    
                         arrival time                          -9.121    
  -------------------------------------------------------------------
                         slack                                  3.492    

Slack (MET) :             3.492ns  (required time - arrival time)
  Source:                 inst_synch/ValueCounter200kHz_reg[0]/C
                            (rising edge-triggered cell FDRE clocked by sys_clk_pin  {rise@0.000ns fall@4.000ns period=8.000ns})
  Destination:            inst_synch/ValueCounter100Hz_reg[1]/R
                            (rising edge-triggered cell FDRE clocked by sys_clk_pin  {rise@0.000ns fall@4.000ns period=8.000ns})
  Path Group:             sys_clk_pin
  Path Type:              Setup (Max at Slow Process Corner)
  Requirement:            8.000ns  (sys_clk_pin rise@8.000ns - sys_clk_pin rise@0.000ns)
  Data Path Delay:        3.791ns  (logic 0.996ns (26.272%)  route 2.795ns (73.728%))
  Logic Levels:           2  (LUT2=1 LUT6=1)
  Clock Path Skew:        -0.158ns (DCD - SCD + CPR)
    Destination Clock Delay (DCD):    4.896ns = ( 12.896 - 8.000 ) 
    Source Clock Delay      (SCD):    5.330ns
    Clock Pessimism Removal (CPR):    0.277ns
  Clock Uncertainty:      0.035ns  ((TSJ^2 + TIJ^2)^1/2 + DJ) / 2 + PE
    Total System Jitter     (TSJ):    0.071ns
    Total Input Jitter      (TIJ):    0.000ns
    Discrete Jitter          (DJ):    0.000ns
    Phase Error              (PE):    0.000ns

    Location             Delay type                Incr(ns)  Path(ns)    Netlist Resource(s)
  -------------------------------------------------------------------    -------------------
                         (clock sys_clk_pin rise edge)
                                                      0.000     0.000 r  
    K17                                               0.000     0.000 r  sysclk (IN)
                         net (fo=0)                   0.000     0.000    sysclk
    K17                  IBUF (Prop_ibuf_I_O)         1.492     1.492 r  sysclk_IBUF_inst/O
                         net (fo=1, routed)           2.076     3.568    sysclk_IBUF
    BUFGCTRL_X0Y16       BUFG (Prop_bufg_I_O)         0.101     3.669 r  sysclk_IBUF_BUFG_inst/O
                         net (fo=36, routed)          1.661     5.330    inst_synch/sysclk
    SLICE_X30Y51         FDRE                                         r  inst_synch/ValueCounter200kHz_reg[0]/C
  -------------------------------------------------------------------    -------------------
    SLICE_X30Y51         FDRE (Prop_fdre_C_Q)         0.518     5.848 r  inst_synch/ValueCounter200kHz_reg[0]/Q
                         net (fo=8, routed)           1.245     7.093    inst_synch/ValueCounter200kHz_reg[0]
    SLICE_X30Y51         LUT2 (Prop_lut2_I0_O)        0.150     7.243 r  inst_synch/ValueCounter100Hz[0]_i_7/O
                         net (fo=1, routed)           0.952     8.194    inst_synch/ValueCounter100Hz[0]_i_7_n_0
    SLICE_X31Y48         LUT6 (Prop_lut6_I4_O)        0.328     8.522 r  inst_synch/ValueCounter100Hz[0]_i_1/O
                         net (fo=24, routed)          0.598     9.121    inst_synch/ValueCounter100Hz
    SLICE_X30Y47         FDRE                                         r  inst_synch/ValueCounter100Hz_reg[1]/R
  -------------------------------------------------------------------    -------------------

                         (clock sys_clk_pin rise edge)
                                                      8.000     8.000 r  
    K17                                               0.000     8.000 r  sysclk (IN)
                         net (fo=0)                   0.000     8.000    sysclk
    K17                  IBUF (Prop_ibuf_I_O)         1.421     9.421 r  sysclk_IBUF_inst/O
                         net (fo=1, routed)           1.880    11.301    sysclk_IBUF
    BUFGCTRL_X0Y16       BUFG (Prop_bufg_I_O)         0.091    11.392 r  sysclk_IBUF_BUFG_inst/O
                         net (fo=36, routed)          1.503    12.895    inst_synch/sysclk
    SLICE_X30Y47         FDRE                                         r  inst_synch/ValueCounter100Hz_reg[1]/C
                         clock pessimism              0.277    13.172    
                         clock uncertainty           -0.035    13.137    
    SLICE_X30Y47         FDRE (Setup_fdre_C_R)       -0.524    12.613    inst_synch/ValueCounter100Hz_reg[1]
  -------------------------------------------------------------------
                         required time                         12.613    
                         arrival time                          -9.121    
  -------------------------------------------------------------------
                         slack                                  3.492    





Min Delay Paths
--------------------------------------------------------------------------------------
Slack (MET) :             0.102ns  (arrival time - required time)
  Source:                 inst_synch/ValueCounter100Hz_reg[10]/C
                            (rising edge-triggered cell FDRE clocked by sys_clk_pin  {rise@0.000ns fall@4.000ns period=8.000ns})
  Destination:            inst_synch/ValueCounter100Hz_reg[12]/D
                            (rising edge-triggered cell FDRE clocked by sys_clk_pin  {rise@0.000ns fall@4.000ns period=8.000ns})
  Path Group:             sys_clk_pin
  Path Type:              Hold (Min at Fast Process Corner)
  Requirement:            0.000ns  (sys_clk_pin rise@0.000ns - sys_clk_pin rise@0.000ns)
  Data Path Delay:        0.500ns  (logic 0.373ns (74.667%)  route 0.127ns (25.333%))
  Logic Levels:           2  (CARRY4=2)
  Clock Path Skew:        0.263ns (DCD - SCD - CPR)
    Destination Clock Delay (DCD):    1.988ns
    Source Clock Delay      (SCD):    1.478ns
    Clock Pessimism Removal (CPR):    0.247ns

    Location             Delay type                Incr(ns)  Path(ns)    Netlist Resource(s)
  -------------------------------------------------------------------    -------------------
                         (clock sys_clk_pin rise edge)
                                                      0.000     0.000 r  
    K17                                               0.000     0.000 r  sysclk (IN)
                         net (fo=0)                   0.000     0.000    sysclk
    K17                  IBUF (Prop_ibuf_I_O)         0.259     0.259 r  sysclk_IBUF_inst/O
                         net (fo=1, routed)           0.627     0.887    sysclk_IBUF
    BUFGCTRL_X0Y16       BUFG (Prop_bufg_I_O)         0.026     0.913 r  sysclk_IBUF_BUFG_inst/O
                         net (fo=36, routed)          0.566     1.478    inst_synch/sysclk
    SLICE_X30Y49         FDRE                                         r  inst_synch/ValueCounter100Hz_reg[10]/C
  -------------------------------------------------------------------    -------------------
    SLICE_X30Y49         FDRE (Prop_fdre_C_Q)         0.164     1.642 r  inst_synch/ValueCounter100Hz_reg[10]/Q
                         net (fo=2, routed)           0.126     1.768    inst_synch/ValueCounter100Hz_reg[10]
    SLICE_X30Y49         CARRY4 (Prop_carry4_S[2]_CO[3])
                                                      0.156     1.924 r  inst_synch/ValueCounter100Hz_reg[8]_i_1/CO[3]
                         net (fo=1, routed)           0.001     1.925    inst_synch/ValueCounter100Hz_reg[8]_i_1_n_0
    SLICE_X30Y50         CARRY4 (Prop_carry4_CI_O[0])
                                                      0.053     1.978 r  inst_synch/ValueCounter100Hz_reg[12]_i_1/O[0]
                         net (fo=1, routed)           0.000     1.978    inst_synch/ValueCounter100Hz_reg[12]_i_1_n_7
    SLICE_X30Y50         FDRE                                         r  inst_synch/ValueCounter100Hz_reg[12]/D
  -------------------------------------------------------------------    -------------------

                         (clock sys_clk_pin rise edge)
                                                      0.000     0.000 r  
    K17                                               0.000     0.000 r  sysclk (IN)
                         net (fo=0)                   0.000     0.000    sysclk
    K17                  IBUF (Prop_ibuf_I_O)         0.447     0.447 r  sysclk_IBUF_inst/O
                         net (fo=1, routed)           0.683     1.130    sysclk_IBUF
    BUFGCTRL_X0Y16       BUFG (Prop_bufg_I_O)         0.029     1.159 r  sysclk_IBUF_BUFG_inst/O
                         net (fo=36, routed)          0.829     1.988    inst_synch/sysclk
    SLICE_X30Y50         FDRE                                         r  inst_synch/ValueCounter100Hz_reg[12]/C
                         clock pessimism             -0.247     1.742    
    SLICE_X30Y50         FDRE (Hold_fdre_C_D)         0.134     1.876    inst_synch/ValueCounter100Hz_reg[12]
  -------------------------------------------------------------------
                         required time                         -1.876    
                         arrival time                           1.978    
  -------------------------------------------------------------------
                         slack                                  0.102    

Slack (MET) :             0.115ns  (arrival time - required time)
  Source:                 inst_synch/ValueCounter100Hz_reg[10]/C
                            (rising edge-triggered cell FDRE clocked by sys_clk_pin  {rise@0.000ns fall@4.000ns period=8.000ns})
  Destination:            inst_synch/ValueCounter100Hz_reg[14]/D
                            (rising edge-triggered cell FDRE clocked by sys_clk_pin  {rise@0.000ns fall@4.000ns period=8.000ns})
  Path Group:             sys_clk_pin
  Path Type:              Hold (Min at Fast Process Corner)
  Requirement:            0.000ns  (sys_clk_pin rise@0.000ns - sys_clk_pin rise@0.000ns)
  Data Path Delay:        0.513ns  (logic 0.386ns (75.309%)  route 0.127ns (24.691%))
  Logic Levels:           2  (CARRY4=2)
  Clock Path Skew:        0.263ns (DCD - SCD - CPR)
    Destination Clock Delay (DCD):    1.988ns
    Source Clock Delay      (SCD):    1.478ns
    Clock Pessimism Removal (CPR):    0.247ns

    Location             Delay type                Incr(ns)  Path(ns)    Netlist Resource(s)
  -------------------------------------------------------------------    -------------------
                         (clock sys_clk_pin rise edge)
                                                      0.000     0.000 r  
    K17                                               0.000     0.000 r  sysclk (IN)
                         net (fo=0)                   0.000     0.000    sysclk
    K17                  IBUF (Prop_ibuf_I_O)         0.259     0.259 r  sysclk_IBUF_inst/O
                         net (fo=1, routed)           0.627     0.887    sysclk_IBUF
    BUFGCTRL_X0Y16       BUFG (Prop_bufg_I_O)         0.026     0.913 r  sysclk_IBUF_BUFG_inst/O
                         net (fo=36, routed)          0.566     1.478    inst_synch/sysclk
    SLICE_X30Y49         FDRE                                         r  inst_synch/ValueCounter100Hz_reg[10]/C
  -------------------------------------------------------------------    -------------------
    SLICE_X30Y49         FDRE (Prop_fdre_C_Q)         0.164     1.642 r  inst_synch/ValueCounter100Hz_reg[10]/Q
                         net (fo=2, routed)           0.126     1.768    inst_synch/ValueCounter100Hz_reg[10]
    SLICE_X30Y49         CARRY4 (Prop_carry4_S[2]_CO[3])
                                                      0.156     1.924 r  inst_synch/ValueCounter100Hz_reg[8]_i_1/CO[3]
                         net (fo=1, routed)           0.001     1.925    inst_synch/ValueCounter100Hz_reg[8]_i_1_n_0
    SLICE_X30Y50         CARRY4 (Prop_carry4_CI_O[2])
                                                      0.066     1.991 r  inst_synch/ValueCounter100Hz_reg[12]_i_1/O[2]
                         net (fo=1, routed)           0.000     1.991    inst_synch/ValueCounter100Hz_reg[12]_i_1_n_5
    SLICE_X30Y50         FDRE                                         r  inst_synch/ValueCounter100Hz_reg[14]/D
  -------------------------------------------------------------------    -------------------

                         (clock sys_clk_pin rise edge)
                                                      0.000     0.000 r  
    K17                                               0.000     0.000 r  sysclk (IN)
                         net (fo=0)                   0.000     0.000    sysclk
    K17                  IBUF (Prop_ibuf_I_O)         0.447     0.447 r  sysclk_IBUF_inst/O
                         net (fo=1, routed)           0.683     1.130    sysclk_IBUF
    BUFGCTRL_X0Y16       BUFG (Prop_bufg_I_O)         0.029     1.159 r  sysclk_IBUF_BUFG_inst/O
                         net (fo=36, routed)          0.829     1.988    inst_synch/sysclk
    SLICE_X30Y50         FDRE                                         r  inst_synch/ValueCounter100Hz_reg[14]/C
                         clock pessimism             -0.247     1.742    
    SLICE_X30Y50         FDRE (Hold_fdre_C_D)         0.134     1.876    inst_synch/ValueCounter100Hz_reg[14]
  -------------------------------------------------------------------
                         required time                         -1.876    
                         arrival time                           1.991    
  -------------------------------------------------------------------
                         slack                                  0.115    

Slack (MET) :             0.138ns  (arrival time - required time)
  Source:                 inst_synch/ValueCounter100Hz_reg[10]/C
                            (rising edge-triggered cell FDRE clocked by sys_clk_pin  {rise@0.000ns fall@4.000ns period=8.000ns})
  Destination:            inst_synch/ValueCounter100Hz_reg[13]/D
                            (rising edge-triggered cell FDRE clocked by sys_clk_pin  {rise@0.000ns fall@4.000ns period=8.000ns})
  Path Group:             sys_clk_pin
  Path Type:              Hold (Min at Fast Process Corner)
  Requirement:            0.000ns  (sys_clk_pin rise@0.000ns - sys_clk_pin rise@0.000ns)
  Data Path Delay:        0.536ns  (logic 0.409ns (76.369%)  route 0.127ns (23.631%))
  Logic Levels:           2  (CARRY4=2)
  Clock Path Skew:        0.263ns (DCD - SCD - CPR)
    Destination Clock Delay (DCD):    1.988ns
    Source Clock Delay      (SCD):    1.478ns
    Clock Pessimism Removal (CPR):    0.247ns

    Location             Delay type                Incr(ns)  Path(ns)    Netlist Resource(s)
  -------------------------------------------------------------------    -------------------
                         (clock sys_clk_pin rise edge)
                                                      0.000     0.000 r  
    K17                                               0.000     0.000 r  sysclk (IN)
                         net (fo=0)                   0.000     0.000    sysclk
    K17                  IBUF (Prop_ibuf_I_O)         0.259     0.259 r  sysclk_IBUF_inst/O
                         net (fo=1, routed)           0.627     0.887    sysclk_IBUF
    BUFGCTRL_X0Y16       BUFG (Prop_bufg_I_O)         0.026     0.913 r  sysclk_IBUF_BUFG_inst/O
                         net (fo=36, routed)          0.566     1.478    inst_synch/sysclk
    SLICE_X30Y49         FDRE                                         r  inst_synch/ValueCounter100Hz_reg[10]/C
  -------------------------------------------------------------------    -------------------
    SLICE_X30Y49         FDRE (Prop_fdre_C_Q)         0.164     1.642 r  inst_synch/ValueCounter100Hz_reg[10]/Q
                         net (fo=2, routed)           0.126     1.768    inst_synch/ValueCounter100Hz_reg[10]
    SLICE_X30Y49         CARRY4 (Prop_carry4_S[2]_CO[3])
                                                      0.156     1.924 r  inst_synch/ValueCounter100Hz_reg[8]_i_1/CO[3]
                         net (fo=1, routed)           0.001     1.925    inst_synch/ValueCounter100Hz_reg[8]_i_1_n_0
    SLICE_X30Y50         CARRY4 (Prop_carry4_CI_O[1])
                                                      0.089     2.014 r  inst_synch/ValueCounter100Hz_reg[12]_i_1/O[1]
                         net (fo=1, routed)           0.000     2.014    inst_synch/ValueCounter100Hz_reg[12]_i_1_n_6
    SLICE_X30Y50         FDRE                                         r  inst_synch/ValueCounter100Hz_reg[13]/D
  -------------------------------------------------------------------    -------------------

                         (clock sys_clk_pin rise edge)
                                                      0.000     0.000 r  
    K17                                               0.000     0.000 r  sysclk (IN)
                         net (fo=0)                   0.000     0.000    sysclk
    K17                  IBUF (Prop_ibuf_I_O)         0.447     0.447 r  sysclk_IBUF_inst/O
                         net (fo=1, routed)           0.683     1.130    sysclk_IBUF
    BUFGCTRL_X0Y16       BUFG (Prop_bufg_I_O)         0.029     1.159 r  sysclk_IBUF_BUFG_inst/O
                         net (fo=36, routed)          0.829     1.988    inst_synch/sysclk
    SLICE_X30Y50         FDRE                                         r  inst_synch/ValueCounter100Hz_reg[13]/C
                         clock pessimism             -0.247     1.742    
    SLICE_X30Y50         FDRE (Hold_fdre_C_D)         0.134     1.876    inst_synch/ValueCounter100Hz_reg[13]
  -------------------------------------------------------------------
                         required time                         -1.876    
                         arrival time                           2.014    
  -------------------------------------------------------------------
                         slack                                  0.138    

Slack (MET) :             0.140ns  (arrival time - required time)
  Source:                 inst_synch/ValueCounter100Hz_reg[10]/C
                            (rising edge-triggered cell FDRE clocked by sys_clk_pin  {rise@0.000ns fall@4.000ns period=8.000ns})
  Destination:            inst_synch/ValueCounter100Hz_reg[15]/D
                            (rising edge-triggered cell FDRE clocked by sys_clk_pin  {rise@0.000ns fall@4.000ns period=8.000ns})
  Path Group:             sys_clk_pin
  Path Type:              Hold (Min at Fast Process Corner)
  Requirement:            0.000ns  (sys_clk_pin rise@0.000ns - sys_clk_pin rise@0.000ns)
  Data Path Delay:        0.538ns  (logic 0.411ns (76.457%)  route 0.127ns (23.543%))
  Logic Levels:           2  (CARRY4=2)
  Clock Path Skew:        0.263ns (DCD - SCD - CPR)
    Destination Clock Delay (DCD):    1.988ns
    Source Clock Delay      (SCD):    1.478ns
    Clock Pessimism Removal (CPR):    0.247ns

    Location             Delay type                Incr(ns)  Path(ns)    Netlist Resource(s)
  -------------------------------------------------------------------    -------------------
                         (clock sys_clk_pin rise edge)
                                                      0.000     0.000 r  
    K17                                               0.000     0.000 r  sysclk (IN)
                         net (fo=0)                   0.000     0.000    sysclk
    K17                  IBUF (Prop_ibuf_I_O)         0.259     0.259 r  sysclk_IBUF_inst/O
                         net (fo=1, routed)           0.627     0.887    sysclk_IBUF
    BUFGCTRL_X0Y16       BUFG (Prop_bufg_I_O)         0.026     0.913 r  sysclk_IBUF_BUFG_inst/O
                         net (fo=36, routed)          0.566     1.478    inst_synch/sysclk
    SLICE_X30Y49         FDRE                                         r  inst_synch/ValueCounter100Hz_reg[10]/C
  -------------------------------------------------------------------    -------------------
    SLICE_X30Y49         FDRE (Prop_fdre_C_Q)         0.164     1.642 r  inst_synch/ValueCounter100Hz_reg[10]/Q
                         net (fo=2, routed)           0.126     1.768    inst_synch/ValueCounter100Hz_reg[10]
    SLICE_X30Y49         CARRY4 (Prop_carry4_S[2]_CO[3])
                                                      0.156     1.924 r  inst_synch/ValueCounter100Hz_reg[8]_i_1/CO[3]
                         net (fo=1, routed)           0.001     1.925    inst_synch/ValueCounter100Hz_reg[8]_i_1_n_0
    SLICE_X30Y50         CARRY4 (Prop_carry4_CI_O[3])
                                                      0.091     2.016 r  inst_synch/ValueCounter100Hz_reg[12]_i_1/O[3]
                         net (fo=1, routed)           0.000     2.016    inst_synch/ValueCounter100Hz_reg[12]_i_1_n_4
    SLICE_X30Y50         FDRE                                         r  inst_synch/ValueCounter100Hz_reg[15]/D
  -------------------------------------------------------------------    -------------------

                         (clock sys_clk_pin rise edge)
                                                      0.000     0.000 r  
    K17                                               0.000     0.000 r  sysclk (IN)
                         net (fo=0)                   0.000     0.000    sysclk
    K17                  IBUF (Prop_ibuf_I_O)         0.447     0.447 r  sysclk_IBUF_inst/O
                         net (fo=1, routed)           0.683     1.130    sysclk_IBUF
    BUFGCTRL_X0Y16       BUFG (Prop_bufg_I_O)         0.029     1.159 r  sysclk_IBUF_BUFG_inst/O
                         net (fo=36, routed)          0.829     1.988    inst_synch/sysclk
    SLICE_X30Y50         FDRE                                         r  inst_synch/ValueCounter100Hz_reg[15]/C
                         clock pessimism             -0.247     1.742    
    SLICE_X30Y50         FDRE (Hold_fdre_C_D)         0.134     1.876    inst_synch/ValueCounter100Hz_reg[15]
  -------------------------------------------------------------------
                         required time                         -1.876    
                         arrival time                           2.016    
  -------------------------------------------------------------------
                         slack                                  0.140    

Slack (MET) :             0.162ns  (arrival time - required time)
  Source:                 inst_synch/ValueCounter5MHz_reg[0]/C
                            (rising edge-triggered cell FDRE clocked by sys_clk_pin  {rise@0.000ns fall@4.000ns period=8.000ns})
  Destination:            inst_synch/d_s5MHzInt_reg/D
                            (rising edge-triggered cell FDRE clocked by sys_clk_pin  {rise@0.000ns fall@4.000ns period=8.000ns})
  Path Group:             sys_clk_pin
  Path Type:              Hold (Min at Fast Process Corner)
  Requirement:            0.000ns  (sys_clk_pin rise@0.000ns - sys_clk_pin rise@0.000ns)
  Data Path Delay:        0.266ns  (logic 0.186ns (69.797%)  route 0.080ns (30.203%))
  Logic Levels:           1  (LUT6=1)
  Clock Path Skew:        0.013ns (DCD - SCD - CPR)
    Destination Clock Delay (DCD):    1.988ns
    Source Clock Delay      (SCD):    1.472ns
    Clock Pessimism Removal (CPR):    0.503ns

    Location             Delay type                Incr(ns)  Path(ns)    Netlist Resource(s)
  -------------------------------------------------------------------    -------------------
                         (clock sys_clk_pin rise edge)
                                                      0.000     0.000 r  
    K17                                               0.000     0.000 r  sysclk (IN)
                         net (fo=0)                   0.000     0.000    sysclk
    K17                  IBUF (Prop_ibuf_I_O)         0.259     0.259 r  sysclk_IBUF_inst/O
                         net (fo=1, routed)           0.627     0.887    sysclk_IBUF
    BUFGCTRL_X0Y16       BUFG (Prop_bufg_I_O)         0.026     0.913 r  sysclk_IBUF_BUFG_inst/O
                         net (fo=36, routed)          0.560     1.472    inst_synch/sysclk
    SLICE_X27Y50         FDRE                                         r  inst_synch/ValueCounter5MHz_reg[0]/C
  -------------------------------------------------------------------    -------------------
    SLICE_X27Y50         FDRE (Prop_fdre_C_Q)         0.141     1.613 r  inst_synch/ValueCounter5MHz_reg[0]/Q
                         net (fo=7, routed)           0.080     1.694    inst_synch/ValueCounter5MHz_reg[0]
    SLICE_X26Y50         LUT6 (Prop_lut6_I0_O)        0.045     1.739 r  inst_synch/d_s5MHzInt_i_1/O
                         net (fo=1, routed)           0.000     1.739    inst_synch/d_s5MHzInt_i_1_n_0
    SLICE_X26Y50         FDRE                                         r  inst_synch/d_s5MHzInt_reg/D
  -------------------------------------------------------------------    -------------------

                         (clock sys_clk_pin rise edge)
                                                      0.000     0.000 r  
    K17                                               0.000     0.000 r  sysclk (IN)
                         net (fo=0)                   0.000     0.000    sysclk
    K17                  IBUF (Prop_ibuf_I_O)         0.447     0.447 r  sysclk_IBUF_inst/O
                         net (fo=1, routed)           0.683     1.130    sysclk_IBUF
    BUFGCTRL_X0Y16       BUFG (Prop_bufg_I_O)         0.029     1.159 r  sysclk_IBUF_BUFG_inst/O
                         net (fo=36, routed)          0.829     1.988    inst_synch/sysclk
    SLICE_X26Y50         FDRE                                         r  inst_synch/d_s5MHzInt_reg/C
                         clock pessimism             -0.503     1.485    
    SLICE_X26Y50         FDRE (Hold_fdre_C_D)         0.091     1.576    inst_synch/d_s5MHzInt_reg
  -------------------------------------------------------------------
                         required time                         -1.576    
                         arrival time                           1.739    
  -------------------------------------------------------------------
                         slack                                  0.162    

Slack (MET) :             0.169ns  (arrival time - required time)
  Source:                 inst_synch/ValueCounter1Hz_reg[5]/C
                            (rising edge-triggered cell FDRE clocked by sys_clk_pin  {rise@0.000ns fall@4.000ns period=8.000ns})
  Destination:            inst_synch/ValueCounter1Hz_reg[7]/D
                            (rising edge-triggered cell FDRE clocked by sys_clk_pin  {rise@0.000ns fall@4.000ns period=8.000ns})
  Path Group:             sys_clk_pin
  Path Type:              Hold (Min at Fast Process Corner)
  Requirement:            0.000ns  (sys_clk_pin rise@0.000ns - sys_clk_pin rise@0.000ns)
  Data Path Delay:        0.550ns  (logic 0.185ns (33.635%)  route 0.365ns (66.365%))
  Logic Levels:           1  (LUT5=1)
  Clock Path Skew:        0.274ns (DCD - SCD - CPR)
    Destination Clock Delay (DCD):    1.993ns
    Source Clock Delay      (SCD):    1.472ns
    Clock Pessimism Removal (CPR):    0.247ns

    Location             Delay type                Incr(ns)  Path(ns)    Netlist Resource(s)
  -------------------------------------------------------------------    -------------------
                         (clock sys_clk_pin rise edge)
                                                      0.000     0.000 r  
    K17                                               0.000     0.000 r  sysclk (IN)
                         net (fo=0)                   0.000     0.000    sysclk
    K17                  IBUF (Prop_ibuf_I_O)         0.259     0.259 r  sysclk_IBUF_inst/O
                         net (fo=1, routed)           0.627     0.887    sysclk_IBUF
    BUFGCTRL_X0Y16       BUFG (Prop_bufg_I_O)         0.026     0.913 r  sysclk_IBUF_BUFG_inst/O
                         net (fo=36, routed)          0.560     1.472    inst_synch/sysclk
    SLICE_X31Y51         FDRE                                         r  inst_synch/ValueCounter1Hz_reg[5]/C
  -------------------------------------------------------------------    -------------------
    SLICE_X31Y51         FDRE (Prop_fdre_C_Q)         0.141     1.613 r  inst_synch/ValueCounter1Hz_reg[5]/Q
                         net (fo=4, routed)           0.365     1.978    inst_synch/ValueCounter1Hz_reg[5]
    SLICE_X31Y49         LUT5 (Prop_lut5_I2_O)        0.044     2.022 r  inst_synch/ValueCounter1Hz[7]_i_2/O
                         net (fo=1, routed)           0.000     2.022    inst_synch/plusOp__0[7]
    SLICE_X31Y49         FDRE                                         r  inst_synch/ValueCounter1Hz_reg[7]/D
  -------------------------------------------------------------------    -------------------

                         (clock sys_clk_pin rise edge)
                                                      0.000     0.000 r  
    K17                                               0.000     0.000 r  sysclk (IN)
                         net (fo=0)                   0.000     0.000    sysclk
    K17                  IBUF (Prop_ibuf_I_O)         0.447     0.447 r  sysclk_IBUF_inst/O
                         net (fo=1, routed)           0.683     1.130    sysclk_IBUF
    BUFGCTRL_X0Y16       BUFG (Prop_bufg_I_O)         0.029     1.159 r  sysclk_IBUF_BUFG_inst/O
                         net (fo=36, routed)          0.834     1.993    inst_synch/sysclk
    SLICE_X31Y49         FDRE                                         r  inst_synch/ValueCounter1Hz_reg[7]/C
                         clock pessimism             -0.247     1.747    
    SLICE_X31Y49         FDRE (Hold_fdre_C_D)         0.107     1.854    inst_synch/ValueCounter1Hz_reg[7]
  -------------------------------------------------------------------
                         required time                         -1.854    
                         arrival time                           2.022    
  -------------------------------------------------------------------
                         slack                                  0.169    

Slack (MET) :             0.186ns  (arrival time - required time)
  Source:                 inst_synch/ValueCounter1Hz_reg[5]/C
                            (rising edge-triggered cell FDRE clocked by sys_clk_pin  {rise@0.000ns fall@4.000ns period=8.000ns})
  Destination:            inst_synch/ValueCounter1Hz_reg[6]/D
                            (rising edge-triggered cell FDRE clocked by sys_clk_pin  {rise@0.000ns fall@4.000ns period=8.000ns})
  Path Group:             sys_clk_pin
  Path Type:              Hold (Min at Fast Process Corner)
  Requirement:            0.000ns  (sys_clk_pin rise@0.000ns - sys_clk_pin rise@0.000ns)
  Data Path Delay:        0.551ns  (logic 0.186ns (33.756%)  route 0.365ns (66.244%))
  Logic Levels:           1  (LUT4=1)
  Clock Path Skew:        0.274ns (DCD - SCD - CPR)
    Destination Clock Delay (DCD):    1.993ns
    Source Clock Delay      (SCD):    1.472ns
    Clock Pessimism Removal (CPR):    0.247ns

    Location             Delay type                Incr(ns)  Path(ns)    Netlist Resource(s)
  -------------------------------------------------------------------    -------------------
                         (clock sys_clk_pin rise edge)
                                                      0.000     0.000 r  
    K17                                               0.000     0.000 r  sysclk (IN)
                         net (fo=0)                   0.000     0.000    sysclk
    K17                  IBUF (Prop_ibuf_I_O)         0.259     0.259 r  sysclk_IBUF_inst/O
                         net (fo=1, routed)           0.627     0.887    sysclk_IBUF
    BUFGCTRL_X0Y16       BUFG (Prop_bufg_I_O)         0.026     0.913 r  sysclk_IBUF_BUFG_inst/O
                         net (fo=36, routed)          0.560     1.472    inst_synch/sysclk
    SLICE_X31Y51         FDRE                                         r  inst_synch/ValueCounter1Hz_reg[5]/C
  -------------------------------------------------------------------    -------------------
    SLICE_X31Y51         FDRE (Prop_fdre_C_Q)         0.141     1.613 r  inst_synch/ValueCounter1Hz_reg[5]/Q
                         net (fo=4, routed)           0.365     1.978    inst_synch/ValueCounter1Hz_reg[5]
    SLICE_X31Y49         LUT4 (Prop_lut4_I2_O)        0.045     2.023 r  inst_synch/ValueCounter1Hz[6]_i_1/O
                         net (fo=1, routed)           0.000     2.023    inst_synch/plusOp__0[6]
    SLICE_X31Y49         FDRE                                         r  inst_synch/ValueCounter1Hz_reg[6]/D
  -------------------------------------------------------------------    -------------------

                         (clock sys_clk_pin rise edge)
                                                      0.000     0.000 r  
    K17                                               0.000     0.000 r  sysclk (IN)
                         net (fo=0)                   0.000     0.000    sysclk
    K17                  IBUF (Prop_ibuf_I_O)         0.447     0.447 r  sysclk_IBUF_inst/O
                         net (fo=1, routed)           0.683     1.130    sysclk_IBUF
    BUFGCTRL_X0Y16       BUFG (Prop_bufg_I_O)         0.029     1.159 r  sysclk_IBUF_BUFG_inst/O
                         net (fo=36, routed)          0.834     1.993    inst_synch/sysclk
    SLICE_X31Y49         FDRE                                         r  inst_synch/ValueCounter1Hz_reg[6]/C
                         clock pessimism             -0.247     1.747    
    SLICE_X31Y49         FDRE (Hold_fdre_C_D)         0.091     1.838    inst_synch/ValueCounter1Hz_reg[6]
  -------------------------------------------------------------------
                         required time                         -1.838    
                         arrival time                           2.023    
  -------------------------------------------------------------------
                         slack                                  0.186    

Slack (MET) :             0.253ns  (arrival time - required time)
  Source:                 inst_synch/ValueCounter1Hz_reg[1]/C
                            (rising edge-triggered cell FDRE clocked by sys_clk_pin  {rise@0.000ns fall@4.000ns period=8.000ns})
  Destination:            inst_synch/ValueCounter1Hz_reg[4]/D
                            (rising edge-triggered cell FDRE clocked by sys_clk_pin  {rise@0.000ns fall@4.000ns period=8.000ns})
  Path Group:             sys_clk_pin
  Path Type:              Hold (Min at Fast Process Corner)
  Requirement:            0.000ns  (sys_clk_pin rise@0.000ns - sys_clk_pin rise@0.000ns)
  Data Path Delay:        0.355ns  (logic 0.192ns (54.041%)  route 0.163ns (45.959%))
  Logic Levels:           1  (LUT5=1)
  Clock Path Skew:        0.000ns (DCD - SCD - CPR)
    Destination Clock Delay (DCD):    1.988ns
    Source Clock Delay      (SCD):    1.472ns
    Clock Pessimism Removal (CPR):    0.516ns

    Location             Delay type                Incr(ns)  Path(ns)    Netlist Resource(s)
  -------------------------------------------------------------------    -------------------
                         (clock sys_clk_pin rise edge)
                                                      0.000     0.000 r  
    K17                                               0.000     0.000 r  sysclk (IN)
                         net (fo=0)                   0.000     0.000    sysclk
    K17                  IBUF (Prop_ibuf_I_O)         0.259     0.259 r  sysclk_IBUF_inst/O
                         net (fo=1, routed)           0.627     0.887    sysclk_IBUF
    BUFGCTRL_X0Y16       BUFG (Prop_bufg_I_O)         0.026     0.913 r  sysclk_IBUF_BUFG_inst/O
                         net (fo=36, routed)          0.560     1.472    inst_synch/sysclk
    SLICE_X31Y51         FDRE                                         r  inst_synch/ValueCounter1Hz_reg[1]/C
  -------------------------------------------------------------------    -------------------
    SLICE_X31Y51         FDRE (Prop_fdre_C_Q)         0.141     1.613 r  inst_synch/ValueCounter1Hz_reg[1]/Q
                         net (fo=7, routed)           0.163     1.777    inst_synch/ValueCounter1Hz_reg[1]
    SLICE_X31Y51         LUT5 (Prop_lut5_I1_O)        0.051     1.828 r  inst_synch/ValueCounter1Hz[4]_i_1/O
                         net (fo=1, routed)           0.000     1.828    inst_synch/plusOp__0[4]
    SLICE_X31Y51         FDRE                                         r  inst_synch/ValueCounter1Hz_reg[4]/D
  -------------------------------------------------------------------    -------------------

                         (clock sys_clk_pin rise edge)
                                                      0.000     0.000 r  
    K17                                               0.000     0.000 r  sysclk (IN)
                         net (fo=0)                   0.000     0.000    sysclk
    K17                  IBUF (Prop_ibuf_I_O)         0.447     0.447 r  sysclk_IBUF_inst/O
                         net (fo=1, routed)           0.683     1.130    sysclk_IBUF
    BUFGCTRL_X0Y16       BUFG (Prop_bufg_I_O)         0.029     1.159 r  sysclk_IBUF_BUFG_inst/O
                         net (fo=36, routed)          0.829     1.988    inst_synch/sysclk
    SLICE_X31Y51         FDRE                                         r  inst_synch/ValueCounter1Hz_reg[4]/C
                         clock pessimism             -0.516     1.472    
    SLICE_X31Y51         FDRE (Hold_fdre_C_D)         0.102     1.574    inst_synch/ValueCounter1Hz_reg[4]
  -------------------------------------------------------------------
                         required time                         -1.574    
                         arrival time                           1.828    
  -------------------------------------------------------------------
                         slack                                  0.253    

Slack (MET) :             0.257ns  (arrival time - required time)
  Source:                 inst_synch/ValueCounter1Hz_reg[1]/C
                            (rising edge-triggered cell FDRE clocked by sys_clk_pin  {rise@0.000ns fall@4.000ns period=8.000ns})
  Destination:            inst_synch/ValueCounter1Hz_reg[5]/D
                            (rising edge-triggered cell FDRE clocked by sys_clk_pin  {rise@0.000ns fall@4.000ns period=8.000ns})
  Path Group:             sys_clk_pin
  Path Type:              Hold (Min at Fast Process Corner)
  Requirement:            0.000ns  (sys_clk_pin rise@0.000ns - sys_clk_pin rise@0.000ns)
  Data Path Delay:        0.349ns  (logic 0.186ns (53.252%)  route 0.163ns (46.748%))
  Logic Levels:           1  (LUT6=1)
  Clock Path Skew:        0.000ns (DCD - SCD - CPR)
    Destination Clock Delay (DCD):    1.988ns
    Source Clock Delay      (SCD):    1.472ns
    Clock Pessimism Removal (CPR):    0.516ns

    Location             Delay type                Incr(ns)  Path(ns)    Netlist Resource(s)
  -------------------------------------------------------------------    -------------------
                         (clock sys_clk_pin rise edge)
                                                      0.000     0.000 r  
    K17                                               0.000     0.000 r  sysclk (IN)
                         net (fo=0)                   0.000     0.000    sysclk
    K17                  IBUF (Prop_ibuf_I_O)         0.259     0.259 r  sysclk_IBUF_inst/O
                         net (fo=1, routed)           0.627     0.887    sysclk_IBUF
    BUFGCTRL_X0Y16       BUFG (Prop_bufg_I_O)         0.026     0.913 r  sysclk_IBUF_BUFG_inst/O
                         net (fo=36, routed)          0.560     1.472    inst_synch/sysclk
    SLICE_X31Y51         FDRE                                         r  inst_synch/ValueCounter1Hz_reg[1]/C
  -------------------------------------------------------------------    -------------------
    SLICE_X31Y51         FDRE (Prop_fdre_C_Q)         0.141     1.613 r  inst_synch/ValueCounter1Hz_reg[1]/Q
                         net (fo=7, routed)           0.163     1.777    inst_synch/ValueCounter1Hz_reg[1]
    SLICE_X31Y51         LUT6 (Prop_lut6_I3_O)        0.045     1.822 r  inst_synch/ValueCounter1Hz[5]_i_1/O
                         net (fo=1, routed)           0.000     1.822    inst_synch/plusOp__0[5]
    SLICE_X31Y51         FDRE                                         r  inst_synch/ValueCounter1Hz_reg[5]/D
  -------------------------------------------------------------------    -------------------

                         (clock sys_clk_pin rise edge)
                                                      0.000     0.000 r  
    K17                                               0.000     0.000 r  sysclk (IN)
                         net (fo=0)                   0.000     0.000    sysclk
    K17                  IBUF (Prop_ibuf_I_O)         0.447     0.447 r  sysclk_IBUF_inst/O
                         net (fo=1, routed)           0.683     1.130    sysclk_IBUF
    BUFGCTRL_X0Y16       BUFG (Prop_bufg_I_O)         0.029     1.159 r  sysclk_IBUF_BUFG_inst/O
                         net (fo=36, routed)          0.829     1.988    inst_synch/sysclk
    SLICE_X31Y51         FDRE                                         r  inst_synch/ValueCounter1Hz_reg[5]/C
                         clock pessimism             -0.516     1.472    
    SLICE_X31Y51         FDRE (Hold_fdre_C_D)         0.092     1.564    inst_synch/ValueCounter1Hz_reg[5]
  -------------------------------------------------------------------
                         required time                         -1.564    
                         arrival time                           1.822    
  -------------------------------------------------------------------
                         slack                                  0.257    

Slack (MET) :             0.258ns  (arrival time - required time)
  Source:                 inst_synch/ValueCounter5MHz_reg[1]/C
                            (rising edge-triggered cell FDRE clocked by sys_clk_pin  {rise@0.000ns fall@4.000ns period=8.000ns})
  Destination:            inst_synch/ValueCounter5MHz_reg[4]/D
                            (rising edge-triggered cell FDRE clocked by sys_clk_pin  {rise@0.000ns fall@4.000ns period=8.000ns})
  Path Group:             sys_clk_pin
  Path Type:              Hold (Min at Fast Process Corner)
  Requirement:            0.000ns  (sys_clk_pin rise@0.000ns - sys_clk_pin rise@0.000ns)
  Data Path Delay:        0.365ns  (logic 0.184ns (50.364%)  route 0.181ns (49.636%))
  Logic Levels:           1  (LUT5=1)
  Clock Path Skew:        0.000ns (DCD - SCD - CPR)
    Destination Clock Delay (DCD):    1.988ns
    Source Clock Delay      (SCD):    1.472ns
    Clock Pessimism Removal (CPR):    0.516ns

    Location             Delay type                Incr(ns)  Path(ns)    Netlist Resource(s)
  -------------------------------------------------------------------    -------------------
                         (clock sys_clk_pin rise edge)
                                                      0.000     0.000 r  
    K17                                               0.000     0.000 r  sysclk (IN)
                         net (fo=0)                   0.000     0.000    sysclk
    K17                  IBUF (Prop_ibuf_I_O)         0.259     0.259 r  sysclk_IBUF_inst/O
                         net (fo=1, routed)           0.627     0.887    sysclk_IBUF
    BUFGCTRL_X0Y16       BUFG (Prop_bufg_I_O)         0.026     0.913 r  sysclk_IBUF_BUFG_inst/O
                         net (fo=36, routed)          0.560     1.472    inst_synch/sysclk
    SLICE_X27Y50         FDRE                                         r  inst_synch/ValueCounter5MHz_reg[1]/C
  -------------------------------------------------------------------    -------------------
    SLICE_X27Y50         FDRE (Prop_fdre_C_Q)         0.141     1.613 r  inst_synch/ValueCounter5MHz_reg[1]/Q
                         net (fo=6, routed)           0.181     1.795    inst_synch/ValueCounter5MHz_reg[1]
    SLICE_X27Y50         LUT5 (Prop_lut5_I3_O)        0.043     1.838 r  inst_synch/ValueCounter5MHz[4]_i_2/O
                         net (fo=1, routed)           0.000     1.838    inst_synch/plusOp[4]
    SLICE_X27Y50         FDRE                                         r  inst_synch/ValueCounter5MHz_reg[4]/D
  -------------------------------------------------------------------    -------------------

                         (clock sys_clk_pin rise edge)
                                                      0.000     0.000 r  
    K17                                               0.000     0.000 r  sysclk (IN)
                         net (fo=0)                   0.000     0.000    sysclk
    K17                  IBUF (Prop_ibuf_I_O)         0.447     0.447 r  sysclk_IBUF_inst/O
                         net (fo=1, routed)           0.683     1.130    sysclk_IBUF
    BUFGCTRL_X0Y16       BUFG (Prop_bufg_I_O)         0.029     1.159 r  sysclk_IBUF_BUFG_inst/O
                         net (fo=36, routed)          0.829     1.988    inst_synch/sysclk
    SLICE_X27Y50         FDRE                                         r  inst_synch/ValueCounter5MHz_reg[4]/C
                         clock pessimism             -0.516     1.472    
    SLICE_X27Y50         FDRE (Hold_fdre_C_D)         0.107     1.579    inst_synch/ValueCounter5MHz_reg[4]
  -------------------------------------------------------------------
                         required time                         -1.579    
                         arrival time                           1.838    
  -------------------------------------------------------------------
                         slack                                  0.258    





Pulse Width Checks
--------------------------------------------------------------------------------------
Clock Name:         sys_clk_pin
Waveform(ns):       { 0.000 4.000 }
Period(ns):         8.000
Sources:            { sysclk }

Check Type        Corner  Lib Pin  Reference Pin  Required(ns)  Actual(ns)  Slack(ns)  Location        Pin
Min Period        n/a     BUFG/I   n/a            2.155         8.000       5.845      BUFGCTRL_X0Y16  sysclk_IBUF_BUFG_inst/I
Min Period        n/a     FDRE/C   n/a            1.000         8.000       7.000      SLICE_X30Y47    inst_synch/ValueCounter100Hz_reg[0]/C
Min Period        n/a     FDRE/C   n/a            1.000         8.000       7.000      SLICE_X30Y49    inst_synch/ValueCounter100Hz_reg[10]/C
Min Period        n/a     FDRE/C   n/a            1.000         8.000       7.000      SLICE_X30Y49    inst_synch/ValueCounter100Hz_reg[11]/C
Min Period        n/a     FDRE/C   n/a            1.000         8.000       7.000      SLICE_X30Y50    inst_synch/ValueCounter100Hz_reg[12]/C
Min Period        n/a     FDRE/C   n/a            1.000         8.000       7.000      SLICE_X30Y50    inst_synch/ValueCounter100Hz_reg[13]/C
Min Period        n/a     FDRE/C   n/a            1.000         8.000       7.000      SLICE_X30Y50    inst_synch/ValueCounter100Hz_reg[14]/C
Min Period        n/a     FDRE/C   n/a            1.000         8.000       7.000      SLICE_X30Y50    inst_synch/ValueCounter100Hz_reg[15]/C
Min Period        n/a     FDRE/C   n/a            1.000         8.000       7.000      SLICE_X30Y47    inst_synch/ValueCounter100Hz_reg[1]/C
Min Period        n/a     FDRE/C   n/a            1.000         8.000       7.000      SLICE_X30Y47    inst_synch/ValueCounter100Hz_reg[2]/C
Low Pulse Width   Slow    FDRE/C   n/a            0.500         4.000       3.500      SLICE_X30Y47    inst_synch/ValueCounter100Hz_reg[0]/C
Low Pulse Width   Fast    FDRE/C   n/a            0.500         4.000       3.500      SLICE_X30Y47    inst_synch/ValueCounter100Hz_reg[0]/C
Low Pulse Width   Slow    FDRE/C   n/a            0.500         4.000       3.500      SLICE_X30Y49    inst_synch/ValueCounter100Hz_reg[10]/C
Low Pulse Width   Fast    FDRE/C   n/a            0.500         4.000       3.500      SLICE_X30Y49    inst_synch/ValueCounter100Hz_reg[10]/C
Low Pulse Width   Slow    FDRE/C   n/a            0.500         4.000       3.500      SLICE_X30Y49    inst_synch/ValueCounter100Hz_reg[11]/C
Low Pulse Width   Fast    FDRE/C   n/a            0.500         4.000       3.500      SLICE_X30Y49    inst_synch/ValueCounter100Hz_reg[11]/C
Low Pulse Width   Slow    FDRE/C   n/a            0.500         4.000       3.500      SLICE_X30Y50    inst_synch/ValueCounter100Hz_reg[12]/C
Low Pulse Width   Fast    FDRE/C   n/a            0.500         4.000       3.500      SLICE_X30Y50    inst_synch/ValueCounter100Hz_reg[12]/C
Low Pulse Width   Slow    FDRE/C   n/a            0.500         4.000       3.500      SLICE_X30Y50    inst_synch/ValueCounter100Hz_reg[13]/C
Low Pulse Width   Fast    FDRE/C   n/a            0.500         4.000       3.500      SLICE_X30Y50    inst_synch/ValueCounter100Hz_reg[13]/C
High Pulse Width  Slow    FDRE/C   n/a            0.500         4.000       3.500      SLICE_X30Y47    inst_synch/ValueCounter100Hz_reg[0]/C
High Pulse Width  Fast    FDRE/C   n/a            0.500         4.000       3.500      SLICE_X30Y47    inst_synch/ValueCounter100Hz_reg[0]/C
High Pulse Width  Slow    FDRE/C   n/a            0.500         4.000       3.500      SLICE_X30Y49    inst_synch/ValueCounter100Hz_reg[10]/C
High Pulse Width  Fast    FDRE/C   n/a            0.500         4.000       3.500      SLICE_X30Y49    inst_synch/ValueCounter100Hz_reg[10]/C
High Pulse Width  Slow    FDRE/C   n/a            0.500         4.000       3.500      SLICE_X30Y49    inst_synch/ValueCounter100Hz_reg[11]/C
High Pulse Width  Fast    FDRE/C   n/a            0.500         4.000       3.500      SLICE_X30Y49    inst_synch/ValueCounter100Hz_reg[11]/C
High Pulse Width  Slow    FDRE/C   n/a            0.500         4.000       3.500      SLICE_X30Y50    inst_synch/ValueCounter100Hz_reg[12]/C
High Pulse Width  Fast    FDRE/C   n/a            0.500         4.000       3.500      SLICE_X30Y50    inst_synch/ValueCounter100Hz_reg[12]/C
High Pulse Width  Slow    FDRE/C   n/a            0.500         4.000       3.500      SLICE_X30Y50    inst_synch/ValueCounter100Hz_reg[13]/C
High Pulse Width  Fast    FDRE/C   n/a            0.500         4.000       3.500      SLICE_X30Y50    inst_synch/ValueCounter100Hz_reg[13]/C



